<?xml version="1.0" encoding="UTF-8"?>
<project-private xmlns="http://www.netbeans.org/ns/project-private/1">
    <editor-bookmarks xmlns="http://www.netbeans.org/ns/editor-bookmarks/2" lastBookmarkId="0"/>
    <open-files xmlns="http://www.netbeans.org/ns/projectui-open-files/2">
        <group>
            <file>file:/C:/Users/ferna/OneDrive/Documents/NetBeansProjects/Genie/src/Beuzelin/VueInfo.java</file>
            <file>file:/C:/Users/ferna/OneDrive/Documents/NetBeansProjects/Genie/src/Beuzelin/Conteneur.java</file>
            <file>file:/C:/Users/ferna/OneDrive/Documents/NetBeansProjects/Genie/src/Beuzelin/Cellule.java</file>
            <file>file:/C:/Users/ferna/OneDrive/Documents/NetBeansProjects/Genie/src/Beuzelin/VueReception.java</file>
            <file>file:/C:/Users/ferna/OneDrive/Documents/NetBeansProjects/Genie/src/Beuzelin/VueSilo.java</file>
            <file>file:/C:/Users/ferna/OneDrive/Documents/NetBeansProjects/Genie/src/Beuzelin/InfoCereales.java</file>
            <file>file:/C:/Users/ferna/OneDrive/Documents/NetBeansProjects/Genie/src/Beuzelin/Silo.java</file>
            <file>file:/C:/Users/ferna/OneDrive/Documents/NetBeansProjects/Genie/src/Beuzelin/MainVue.java</file>
            <file>file:/C:/Users/ferna/OneDrive/Documents/NetBeansProjects/Genie/src/Beuzelin/Controleur.java</file>
        </group>
    </open-files>
</project-private>
